"STATION","NAME","DATE","AWND","PGTM","PRCP","TMAX","TMIN","WDF2","WDF5","WSF2","WSF5","WT01","WT02","WT08"
"USW00053146","FORT HUACHUCA PIONEER AIRFIELD, AZ US","2019-01-01","8.05"," 0008","0.18","43","31","  210","  210","23.9","33.1",,"    1",
"USW00053146","FORT HUACHUCA PIONEER AIRFIELD, AZ US","2019-01-02","9.40"," 1149","0.11","36","25","  270","  280","17.0","19.9",,"    1",
"USW00053146","FORT HUACHUCA PIONEER AIRFIELD, AZ US","2019-01-03","6.04"," 1036","0.00","51","21","   70","   70","15.0","18.1",,,
"USW00053146","FORT HUACHUCA PIONEER AIRFIELD, AZ US","2019-01-04","4.47"," 1055","0.00","62","32","   80","   70","14.1","18.1",,,
"USW00053146","FORT HUACHUCA PIONEER AIRFIELD, AZ US","2019-01-05","4.70"," 1535","0.07","65","37","  230","  220","13.0","17.0",,,
"USW00053146","FORT HUACHUCA PIONEER AIRFIELD, AZ US","2019-01-06","13.42"," 0150","0.47","55","37","  200","  200","28.0","38.0",,,
"USW00053146","FORT HUACHUCA PIONEER AIRFIELD, AZ US","2019-01-07","5.37"," 1431","0.00","58","31","   60","   40","12.1","15.0",,,
"USW00053146","FORT HUACHUCA PIONEER AIRFIELD, AZ US","2019-01-08","8.05"," 1148","0.00","65","40","   80","   80","17.0","21.9",,,
"USW00053146","FORT HUACHUCA PIONEER AIRFIELD, AZ US","2019-01-09","9.84"," 2055","0.00","63","41","   60","  350","18.1","25.9",,,
"USW00053146","FORT HUACHUCA PIONEER AIRFIELD, AZ US","2019-01-10","4.03"," 1808","0.05","51","40","  310","  310","12.1","14.1",,,
"USW00053146","FORT HUACHUCA PIONEER AIRFIELD, AZ US","2019-01-11","8.05"," 1353","0.00","59","31","  290","  310","17.0","21.0",,,
"USW00053146","FORT HUACHUCA PIONEER AIRFIELD, AZ US","2019-01-12","7.16"," 1453","0.00","61","33","  220","  220","21.9","25.9",,,
"USW00053146","FORT HUACHUCA PIONEER AIRFIELD, AZ US","2019-01-13","8.72"," 1341","0.02","57","42","  240","  210","18.1","23.0",,,
"USW00053146","FORT HUACHUCA PIONEER AIRFIELD, AZ US","2019-01-14","3.80"," 1340","0.00","62","39","  270","  290","15.0","19.9",,,
"USW00053146","FORT HUACHUCA PIONEER AIRFIELD, AZ US","2019-01-15","6.26"," 1448","0.00","62","40","  210","  210","19.9","25.1",,,
"USW00053146","FORT HUACHUCA PIONEER AIRFIELD, AZ US","2019-01-16","6.49"," 1551","0.00","65","39","  230","   30","15.0","17.0",,,
"USW00053146","FORT HUACHUCA PIONEER AIRFIELD, AZ US","2019-01-17","8.05"," 1540","0.00","68","34","  320","  290","21.0","25.9",,,
"USW00053146","FORT HUACHUCA PIONEER AIRFIELD, AZ US","2019-01-18","12.08"," 1156","0.00","61","39","  300","  300","25.9","31.1",,,
"USW00053146","FORT HUACHUCA PIONEER AIRFIELD, AZ US","2019-01-19","12.30"," 1159","0.00","62","36","  110","   70","23.9","29.1",,,
"USW00053146","FORT HUACHUCA PIONEER AIRFIELD, AZ US","2019-01-20","7.16"," 2258","0.00","72","38","  210","  210","17.0","23.0",,,
"USW00053146","FORT HUACHUCA PIONEER AIRFIELD, AZ US","2019-01-21","18.79"," 1425","0.00","66","39","  240","  240","35.1","42.9",,,
"USW00053146","FORT HUACHUCA PIONEER AIRFIELD, AZ US","2019-01-22","9.40"," 1048","0.00","49","32","  310","  320","21.0","23.9",,,
"USW00053146","FORT HUACHUCA PIONEER AIRFIELD, AZ US","2019-01-23","6.93"," 2110","0.00","57","27","  240","  210","13.0","27.1",,,
"USW00053146","FORT HUACHUCA PIONEER AIRFIELD, AZ US","2019-01-24","7.83"," 1050","0.00","60","28","   70","   80","16.1","19.9",,,
"USW00053146","FORT HUACHUCA PIONEER AIRFIELD, AZ US","2019-01-25","8.28"," 2224","0.00","64","31","  270","  290","16.1","19.9",,,
"USW00053146","FORT HUACHUCA PIONEER AIRFIELD, AZ US","2019-01-26","6.93"," 1244","0.00","61","31","   50","   60","14.1","17.0",,,
"USW00053146","FORT HUACHUCA PIONEER AIRFIELD, AZ US","2019-01-27","7.61"," 0302","0.00","70","36","   80","  190","17.0","23.0",,,
"USW00053146","FORT HUACHUCA PIONEER AIRFIELD, AZ US","2019-01-28","7.61"," 1516","0.00","70","36","  320","  310","16.1","19.9",,,
"USW00053146","FORT HUACHUCA PIONEER AIRFIELD, AZ US","2019-01-29","6.26"," 1409","0.00","68","40","  310","  290","17.0","23.0",,,
"USW00053146","FORT HUACHUCA PIONEER AIRFIELD, AZ US","2019-01-30","7.38"," 1332","0.00","65","43","  270","  230","17.0","19.9",,,
"USW00053146","FORT HUACHUCA PIONEER AIRFIELD, AZ US","2019-01-31","7.61"," 1819","0.00","66","37","  250","  310","16.1","25.1",,,
"USW00053146","FORT HUACHUCA PIONEER AIRFIELD, AZ US","2019-02-01","6.49"," 1423","0.00","62","43","  230","  220","15.0","19.0",,,
"USW00053146","FORT HUACHUCA PIONEER AIRFIELD, AZ US","2019-02-02","9.17"," 2141","0.00","61","41","  220","  200","21.0","27.1",,,
"USW00053146","FORT HUACHUCA PIONEER AIRFIELD, AZ US","2019-02-03","12.30"," 1122","0.03","58","48","  240","  240","25.1","30.0",,,
"USW00053146","FORT HUACHUCA PIONEER AIRFIELD, AZ US","2019-02-04","16.11"," 1417","0.02","61","49","  230","  230","32.0","38.9",,,
"USW00053146","FORT HUACHUCA PIONEER AIRFIELD, AZ US","2019-02-05","16.33"," 2333","0.00","56","45","  200","  190","28.0","36.9",,,
"USW00053146","FORT HUACHUCA PIONEER AIRFIELD, AZ US","2019-02-06","18.57"," 0533","0.03","47","30","  250","  220","31.1","38.0",,,
"USW00053146","FORT HUACHUCA PIONEER AIRFIELD, AZ US","2019-02-07","8.50"," 1203","0.00","53","19","   60","   60","16.1","19.9",,,
"USW00053146","FORT HUACHUCA PIONEER AIRFIELD, AZ US","2019-02-08","6.71"," 1540","0.00","64","27","   50","   50","15.0","19.9",,,
"USW00053146","FORT HUACHUCA PIONEER AIRFIELD, AZ US","2019-02-09","9.84"," 1608","0.00","63","39","  210","  200","33.1","42.1",,,
"USW00053146","FORT HUACHUCA PIONEER AIRFIELD, AZ US","2019-02-10","12.75"," 0841","0.11","54","37","  190","  200","35.1","45.0",,,
"USW00053146","FORT HUACHUCA PIONEER AIRFIELD, AZ US","2019-02-11","12.30"," 0105","0.00","53","31","  300","  220","21.0","25.9",,,
"USW00053146","FORT HUACHUCA PIONEER AIRFIELD, AZ US","2019-02-12","8.72"," 1202","0.00","63","26","  120","   80","21.0","27.1",,,
"USW00053146","FORT HUACHUCA PIONEER AIRFIELD, AZ US","2019-02-13","7.38"," 1513","0.00","67","37","  230","  220","18.1","23.9",,,
"USW00053146","FORT HUACHUCA PIONEER AIRFIELD, AZ US","2019-02-14","12.30"," 1759","0.15","68","48","  220","  230","31.1","38.0",,,
"USW00053146","FORT HUACHUCA PIONEER AIRFIELD, AZ US","2019-02-15","17.22"," 0350","0.01","65","46","  230","  210","32.0","38.9",,,
"USW00053146","FORT HUACHUCA PIONEER AIRFIELD, AZ US","2019-02-16","16.55"," 1101","0.00","56","36","  270","  280","30.0","38.0",,,
"USW00053146","FORT HUACHUCA PIONEER AIRFIELD, AZ US","2019-02-17","14.32"," 1231","0.00","50","28","  260","  270","31.1","38.0",,,
"USW00053146","FORT HUACHUCA PIONEER AIRFIELD, AZ US","2019-02-18","13.87"," 1532","0.17","50","28","  220","  210","28.0","36.0",,,
"USW00053146","FORT HUACHUCA PIONEER AIRFIELD, AZ US","2019-02-19","11.41"," 1504","0.05","42","25","  270","  260","28.0","32.0",,,
"USW00053146","FORT HUACHUCA PIONEER AIRFIELD, AZ US","2019-02-20","8.72"," 1704","0.00","53","20","  210","  210","23.0","28.0",,,
"USW00053146","FORT HUACHUCA PIONEER AIRFIELD, AZ US","2019-02-21","21.70"," 1848","0.01","51","34","  210","  190","40.0","50.1",,,
"USW00053146","FORT HUACHUCA PIONEER AIRFIELD, AZ US","2019-02-22","15.88"," 0635","0.76","40","25","  210","  210","32.0","40.0",,,
"USW00053146","FORT HUACHUCA PIONEER AIRFIELD, AZ US","2019-02-23","5.82"," 0411","0.00","39","13","  250","  240","15.0","19.0",,,
"USW00053146","FORT HUACHUCA PIONEER AIRFIELD, AZ US","2019-02-24","7.61"," 1632","0.00","59","24","  250","  250","14.1","16.1",,,
"USW00053146","FORT HUACHUCA PIONEER AIRFIELD, AZ US","2019-02-25","6.26"," 1450","0.00","64","33","  280","  300","18.1","23.0",,,
"USW00053146","FORT HUACHUCA PIONEER AIRFIELD, AZ US","2019-02-26","6.26"," 1444","0.00","70","35","  250","  230","17.0","21.9",,,
"USW00053146","FORT HUACHUCA PIONEER AIRFIELD, AZ US","2019-02-27","7.61"," 1426","0.00","69","44","  280","  290","16.1","21.0",,,
"USW00053146","FORT HUACHUCA PIONEER AIRFIELD, AZ US","2019-02-28","9.17"," 1559","0.00","72","37","  310","  320","19.9","25.9",,,
"USW00053146","FORT HUACHUCA PIONEER AIRFIELD, AZ US","2019-03-01","8.28"," 1330","0.00","74","37","  290","  290","21.0","25.1",,,
"USW00053146","FORT HUACHUCA PIONEER AIRFIELD, AZ US","2019-03-02","14.54"," 1517","0.00","73","45","  270","  260","32.0","40.0",,,
"USW00053146","FORT HUACHUCA PIONEER AIRFIELD, AZ US","2019-03-03","14.76"," 0148","0.00","70","47","  240","  230","25.9","34.0",,,
"USW00053146","FORT HUACHUCA PIONEER AIRFIELD, AZ US","2019-03-04","9.17"," 1233","0.00","72","38","  260","  280","18.1","23.9",,,
"USW00053146","FORT HUACHUCA PIONEER AIRFIELD, AZ US","2019-03-05","6.71"," 1606","0.00","78","39","  260","  260","17.0","21.9",,,
"USW00053146","FORT HUACHUCA PIONEER AIRFIELD, AZ US","2019-03-06","12.30"," 1436","0.00","79","45","  280","  260","30.0","38.0",,,
"USW00053146","FORT HUACHUCA PIONEER AIRFIELD, AZ US","2019-03-07","16.33"," 1039","0.00","70","52","  220","  230","29.1","36.9",,,
"USW00053146","FORT HUACHUCA PIONEER AIRFIELD, AZ US","2019-03-08","19.46"," 1456","0.03","60","35","  240","  240","38.9","49.0",,,
"USW00053146","FORT HUACHUCA PIONEER AIRFIELD, AZ US","2019-03-09","8.05"," 1331","0.00","61","27","  260","  220","19.9","23.9",,,
"USW00053146","FORT HUACHUCA PIONEER AIRFIELD, AZ US","2019-03-10","10.74"," 1605","0.00","65","43","  220","  210","35.1","40.9",,,
"USW00053146","FORT HUACHUCA PIONEER AIRFIELD, AZ US","2019-03-11","13.20"," 1507","0.13","72","42","  170","  180","30.0","45.0",,,
"USW00053146","FORT HUACHUCA PIONEER AIRFIELD, AZ US","2019-03-12","14.99"," 1006","0.84","55","38","  210","  210","40.0","49.0",,,
"USW00053146","FORT HUACHUCA PIONEER AIRFIELD, AZ US","2019-03-13","22.82"," 1356","0.03","52","38","  250","  250","36.0","46.1",,,
"USW00053146","FORT HUACHUCA PIONEER AIRFIELD, AZ US","2019-03-14","8.72"," 0005","0.00","57","30","  270","  280","18.1","23.0",,,
"USW00053146","FORT HUACHUCA PIONEER AIRFIELD, AZ US","2019-03-15","19.01"," 1639","0.00","64","33","  110","  120","29.1","35.1",,,
"USW00053146","FORT HUACHUCA PIONEER AIRFIELD, AZ US","2019-03-16","16.11"," 1118","0.00","63","42","  120","  110","33.1","40.0",,,
"USW00053146","FORT HUACHUCA PIONEER AIRFIELD, AZ US","2019-03-17","10.74"," 1219","0.00","67","36","   70","   70","18.1","23.9",,,
"USW00053146","FORT HUACHUCA PIONEER AIRFIELD, AZ US","2019-03-18","9.62"," 1259","0.00","69","42","  120","  140","21.0","28.0",,,
"USW00053146","FORT HUACHUCA PIONEER AIRFIELD, AZ US","2019-03-19","6.71"," 0935","0.00","73","44","  100","   80","18.1","23.0",,,
"USW00053146","FORT HUACHUCA PIONEER AIRFIELD, AZ US","2019-03-20","9.17"," 1106","0.00","73","43","  220","  170","21.0","28.0",,,
"USW00053146","FORT HUACHUCA PIONEER AIRFIELD, AZ US","2019-03-21","11.41"," 1209","0.00","66","40","  270","  240","23.9","29.1",,,
"USW00053146","FORT HUACHUCA PIONEER AIRFIELD, AZ US","2019-03-22","10.51"," 1648","0.00","66","38","  310","  330","18.1","25.1",,,
"USW00053146","FORT HUACHUCA PIONEER AIRFIELD, AZ US","2019-03-23","8.28"," 1750","0.00","71","35","  270","  270","23.0","29.1",,,
"USW00053146","FORT HUACHUCA PIONEER AIRFIELD, AZ US","2019-03-24","7.83"," 1558","0.00","73","38","  310","  300","17.0","23.0",,,
"USW00053146","FORT HUACHUCA PIONEER AIRFIELD, AZ US","2019-03-25","8.95"," 1032","0.00","77","47","   80","   80","21.0","27.1",,,
"USW00053146","FORT HUACHUCA PIONEER AIRFIELD, AZ US","2019-03-26","7.61"," 1619","0.00","82","44","  260","  260","19.9","23.9",,,
"USW00053146","FORT HUACHUCA PIONEER AIRFIELD, AZ US","2019-03-27","8.50"," 1553","0.00","80","52","  280","  250","23.0","29.1",,,
"USW00053146","FORT HUACHUCA PIONEER AIRFIELD, AZ US","2019-03-28","10.74"," 1405","0.00","79","44","  270","  270","25.9","31.1",,,
"USW00053146","FORT HUACHUCA PIONEER AIRFIELD, AZ US","2019-03-29","12.08"," 1512","0.00","77","43","  300","  270","23.9","31.1",,,
"USW00053146","FORT HUACHUCA PIONEER AIRFIELD, AZ US","2019-03-30","9.62"," 1314","0.00","75","41","  310","   70","17.0","23.0",,,
"USW00053146","FORT HUACHUCA PIONEER AIRFIELD, AZ US","2019-03-31","8.72"," 1556","0.00","74","39","  310","  310","23.9","32.0",,,
"USW00053146","FORT HUACHUCA PIONEER AIRFIELD, AZ US","2019-04-01","10.96"," 0944","0.00","74","43","  130","  100","23.9","28.0",,,
"USW00053146","FORT HUACHUCA PIONEER AIRFIELD, AZ US","2019-04-02","16.11"," 1436","0.00","75","47","  250","  250","31.1","38.0",,,
"USW00053146","FORT HUACHUCA PIONEER AIRFIELD, AZ US","2019-04-03","15.88"," 1037","0.00","72","50","  250","  250","35.1","42.9",,,
"USW00053146","FORT HUACHUCA PIONEER AIRFIELD, AZ US","2019-04-04","7.61"," 1321","0.00","75","42","  210","  240","23.0","30.0",,,
"USW00053146","FORT HUACHUCA PIONEER AIRFIELD, AZ US","2019-04-05","10.96"," 1153","0.00","70","47","  200","  210","25.9","35.1",,,
"USW00053146","FORT HUACHUCA PIONEER AIRFIELD, AZ US","2019-04-06","8.50"," 1521","0.00","67","44","  290","  280","21.9","27.1",,,
"USW00053146","FORT HUACHUCA PIONEER AIRFIELD, AZ US","2019-04-07","7.38"," 1722","0.00","79","44","  320","  320","16.1","19.9",,,
"USW00053146","FORT HUACHUCA PIONEER AIRFIELD, AZ US","2019-04-08","7.83"," 1610","0.00","86","48","  320","  320","21.9","25.9",,,
"USW00053146","FORT HUACHUCA PIONEER AIRFIELD, AZ US","2019-04-09","14.32"," 1407","0.00","86","49","  260","  270","30.0","36.9",,,
"USW00053146","FORT HUACHUCA PIONEER AIRFIELD, AZ US","2019-04-10","19.46"," 1739","0.00","66","42","  300","  290","33.1","44.1",,,
"USW00053146","FORT HUACHUCA PIONEER AIRFIELD, AZ US","2019-04-11","14.99"," 1508","0.00","64","39","  300","  310","31.1","36.9",,,
"USW00053146","FORT HUACHUCA PIONEER AIRFIELD, AZ US","2019-04-12","11.63"," 1039","0.00","59","37","  260","  200","25.9","35.1",,,
"USW00053146","FORT HUACHUCA PIONEER AIRFIELD, AZ US","2019-04-13","9.62"," 1318","0.00","64","35","  300","  320","21.0","27.1",,,
"USW00053146","FORT HUACHUCA PIONEER AIRFIELD, AZ US","2019-04-14","7.61"," 1253","0.00","77","38","  280","  230","18.1","23.0",,,
"USW00053146","FORT HUACHUCA PIONEER AIRFIELD, AZ US","2019-04-15","8.05"," 1404","0.00","79","46","  240","  240","25.1","31.1",,,
"USW00053146","FORT HUACHUCA PIONEER AIRFIELD, AZ US","2019-04-16","13.87"," 1455","0.00","73","48","  250","  240","29.1","38.0",,,
"USW00053146","FORT HUACHUCA PIONEER AIRFIELD, AZ US","2019-04-17","13.42"," 1431","0.01","65","44","  310","  310","25.1","34.0",,,
"USW00053146","FORT HUACHUCA PIONEER AIRFIELD, AZ US","2019-04-18","7.38"," 1114","0.00","79","48","   40","   40","19.9","23.0",,,
"USW00053146","FORT HUACHUCA PIONEER AIRFIELD, AZ US","2019-04-19","10.29"," 0943","0.00","87","47","  120","  120","23.9","30.0",,,
"USW00053146","FORT HUACHUCA PIONEER AIRFIELD, AZ US","2019-04-20","15.66"," 1437","0.00","83","54","  250","  230","36.0","47.0",,,
"USW00053146","FORT HUACHUCA PIONEER AIRFIELD, AZ US","2019-04-21","12.97"," 1423","0.00","80","52","  230","  220","29.1","36.9",,,
"USW00053146","FORT HUACHUCA PIONEER AIRFIELD, AZ US","2019-04-22","11.41"," 1209","0.00","77","52","  220","  250","25.9","42.1",,,
"USW00053146","FORT HUACHUCA PIONEER AIRFIELD, AZ US","2019-04-23","7.61"," 1636","0.00","73","47","  310","  310","29.1","34.0",,,
"USW00053146","FORT HUACHUCA PIONEER AIRFIELD, AZ US","2019-04-24","7.16"," 1625","0.00","78","41","  320","  320","19.9","28.0",,,
"USW00053146","FORT HUACHUCA PIONEER AIRFIELD, AZ US","2019-04-25","6.49"," 0333","0.00","86","50","  260","  260","17.0","27.1",,,
"USW00053146","FORT HUACHUCA PIONEER AIRFIELD, AZ US","2019-04-26","8.72"," 1644","0.00","89","55","  250","  270","23.9","30.0",,,
"USW00053146","FORT HUACHUCA PIONEER AIRFIELD, AZ US","2019-04-27","11.18"," 1555","0.00","85","50","  280","  280","23.0","29.1",,,
"USW00053146","FORT HUACHUCA PIONEER AIRFIELD, AZ US","2019-04-28","9.84"," 1419","0.00","83","50","  260","  300","21.0","25.9",,,
"USW00053146","FORT HUACHUCA PIONEER AIRFIELD, AZ US","2019-04-29","15.66"," 1551","0.00","79","53","  230","  220","35.1","45.0",,,
"USW00053146","FORT HUACHUCA PIONEER AIRFIELD, AZ US","2019-04-30","11.18"," 1451","0.00","75","44","  280","  280","23.0","30.0",,,
"USW00053146","FORT HUACHUCA PIONEER AIRFIELD, AZ US","2019-05-01","10.96"," 1459","0.00","79","49","  250","  250","23.0","28.0",,,
"USW00053146","FORT HUACHUCA PIONEER AIRFIELD, AZ US","2019-05-02","9.17"," 1359","0.00","80","45","  240","  260","19.9","25.1",,,
"USW00053146","FORT HUACHUCA PIONEER AIRFIELD, AZ US","2019-05-03","9.17"," 1450","0.00","83","48","  290","  300","21.9","28.0",,,
"USW00053146","FORT HUACHUCA PIONEER AIRFIELD, AZ US","2019-05-04","8.05"," 1341","0.00","85","50","  260","  270","21.9","30.0",,,
"USW00053146","FORT HUACHUCA PIONEER AIRFIELD, AZ US","2019-05-05","10.07"," 1651","0.00","83","50","  260","  260","23.9","31.1",,,
"USW00053146","FORT HUACHUCA PIONEER AIRFIELD, AZ US","2019-05-06","12.30"," 1436","0.00","79","49","  250","  200","28.0","38.0",,,
"USW00053146","FORT HUACHUCA PIONEER AIRFIELD, AZ US","2019-05-07","13.87"," 0925","0.00","70","48","  270","  230","32.0","40.0",,,
"USW00053146","FORT HUACHUCA PIONEER AIRFIELD, AZ US","2019-05-08","10.51"," 1526","0.00","74","44","  280","  270","28.0","34.0",,,
"USW00053146","FORT HUACHUCA PIONEER AIRFIELD, AZ US","2019-05-09","8.28"," 1907","0.00","75","47","  250","  240","28.0","38.0",,,
"USW00053146","FORT HUACHUCA PIONEER AIRFIELD, AZ US","2019-05-10","11.41"," 1611","0.00","71","54","  230","  260","23.9","29.1",,,
"USW00053146","FORT HUACHUCA PIONEER AIRFIELD, AZ US","2019-05-11","7.16"," 1445","0.01","75","44","  230","  240","19.9","25.9",,,
"USW00053146","FORT HUACHUCA PIONEER AIRFIELD, AZ US","2019-05-12","5.82"," 1237","0.34","64","47","  230","  230","31.1","36.9",,,
"USW00053146","FORT HUACHUCA PIONEER AIRFIELD, AZ US","2019-05-13","5.37"," 1139","0.00","76","43","   70","   40","15.0","19.9",,,
"USW00053146","FORT HUACHUCA PIONEER AIRFIELD, AZ US","2019-05-14","6.26"," 1246","0.00","84","53","  110","  160","16.1","23.0",,,
"USW00053146","FORT HUACHUCA PIONEER AIRFIELD, AZ US","2019-05-15","10.29"," 1355","0.00","88","56","  280","  230","21.9","30.0",,,
"USW00053146","FORT HUACHUCA PIONEER AIRFIELD, AZ US","2019-05-16","15.43"," 1305","0.00","82","55","  250","  250","35.1","42.1",,,
"USW00053146","FORT HUACHUCA PIONEER AIRFIELD, AZ US","2019-05-17","17.22"," 1302","0.00","74","48","  260","  270","35.1","44.1",,,
"USW00053146","FORT HUACHUCA PIONEER AIRFIELD, AZ US","2019-05-18","10.29"," 1738","0.00","76","44","  260","  260","25.1","30.0",,,
"USW00053146","FORT HUACHUCA PIONEER AIRFIELD, AZ US","2019-05-19","13.65"," 1425","0.00","74","50","  220","  210","28.0","36.9",,,
"USW00053146","FORT HUACHUCA PIONEER AIRFIELD, AZ US","2019-05-20","15.88"," 1321","0.00","65","42","  300","  290","36.0","44.1",,,
"USW00053146","FORT HUACHUCA PIONEER AIRFIELD, AZ US","2019-05-21","17.00"," 1714","0.00","74","37","  260","  250","36.0","44.1",,,
"USW00053146","FORT HUACHUCA PIONEER AIRFIELD, AZ US","2019-05-22","23.49"," 1410","0.00","73","54","  220","  210","38.9","50.1",,,
"USW00053146","FORT HUACHUCA PIONEER AIRFIELD, AZ US","2019-05-23","12.08"," 0358","0.01","71","45","  270","  240","21.9","30.0",,,
"USW00053146","FORT HUACHUCA PIONEER AIRFIELD, AZ US","2019-05-24","8.05"," 1454","0.00","81","42","  230","  230","21.0","27.1",,,
"USW00053146","FORT HUACHUCA PIONEER AIRFIELD, AZ US","2019-05-25","12.08"," 1419","0.00","82","46","  220","  230","25.9","36.9",,,
"USW00053146","FORT HUACHUCA PIONEER AIRFIELD, AZ US","2019-05-26","18.34"," 1144","0.00","77","55","  230","  240","35.1","47.0",,,
"USW00053146","FORT HUACHUCA PIONEER AIRFIELD, AZ US","2019-05-27","15.66"," 1230","0.00","75","52","  270","  260","33.1","42.1",,,
"USW00053146","FORT HUACHUCA PIONEER AIRFIELD, AZ US","2019-05-28","10.96"," 1523","0.00","78","45","  260","  260","25.1","42.1",,,
"USW00053146","FORT HUACHUCA PIONEER AIRFIELD, AZ US","2019-05-29","7.83"," 1644","0.00","80","44","  280","  290","19.9","23.0",,,
"USW00053146","FORT HUACHUCA PIONEER AIRFIELD, AZ US","2019-05-30","7.16"," 0957","0.00","83","48","  240","  220","18.1","21.9",,,
"USW00053146","FORT HUACHUCA PIONEER AIRFIELD, AZ US","2019-05-31","11.41"," 1624","0.00","88","55","  220","  190","23.9","31.1",,,
"USW00053146","FORT HUACHUCA PIONEER AIRFIELD, AZ US","2019-06-01","9.62"," 1056","0.00","88","58","  220","  170","28.0","36.0",,,
"USW00053146","FORT HUACHUCA PIONEER AIRFIELD, AZ US","2019-06-02","10.29"," 1355","0.00","86","55","  250","  250","28.0","36.9",,,
"USW00053146","FORT HUACHUCA PIONEER AIRFIELD, AZ US","2019-06-03","9.62"," 1427","0.00","88","53","  250","  220","25.9","35.1",,,
"USW00053146","FORT HUACHUCA PIONEER AIRFIELD, AZ US","2019-06-04","8.72"," 1402","0.00","86","53","  250","  240","23.9","32.0",,,
"USW00053146","FORT HUACHUCA PIONEER AIRFIELD, AZ US","2019-06-05","8.50"," 1507","0.00","87","54","  330","  340","21.0","25.9",,,
"USW00053146","FORT HUACHUCA PIONEER AIRFIELD, AZ US","2019-06-06","9.17"," 1700","0.00","90","56","  230","  300","17.0","23.0",,,
"USW00053146","FORT HUACHUCA PIONEER AIRFIELD, AZ US","2019-06-07","9.62"," 1518","0.00","91","61","  240","  240","21.9","27.1",,,
"USW00053146","FORT HUACHUCA PIONEER AIRFIELD, AZ US","2019-06-08","11.41"," 0910","0.00","91","54","  240","  220","23.9","35.1",,,
"USW00053146","FORT HUACHUCA PIONEER AIRFIELD, AZ US","2019-06-09","8.28"," 2227","0.00","95","62","  220","  220","18.1","23.9",,,
"USW00053146","FORT HUACHUCA PIONEER AIRFIELD, AZ US","2019-06-10","15.88"," 0212","0.00","87","68","  210","  200","31.1","40.9",,,
"USW00053146","FORT HUACHUCA PIONEER AIRFIELD, AZ US","2019-06-11","8.05"," 1404","0.00","95","59","  330","  300","21.0","27.1",,,
"USW00053146","FORT HUACHUCA PIONEER AIRFIELD, AZ US","2019-06-12","9.17"," 1306","0.00","96","65","  250","  230","19.9","25.9",,,
"USW00053146","FORT HUACHUCA PIONEER AIRFIELD, AZ US","2019-06-13","11.86"," 1518","0.00","99","63","  260","  290","29.1","36.0",,,
"USW00053146","FORT HUACHUCA PIONEER AIRFIELD, AZ US","2019-06-14","18.79"," 1229","0.00","93","63","  250","  250","32.0","40.9",,,
"USW00053146","FORT HUACHUCA PIONEER AIRFIELD, AZ US","2019-06-15","10.29"," 1535","0.00","90","59","  290","  270","21.9","27.1",,,
"USW00053146","FORT HUACHUCA PIONEER AIRFIELD, AZ US","2019-06-16","9.17"," 1714","0.00","92","59","  250","  270","21.0","33.1",,,
"USW00053146","FORT HUACHUCA PIONEER AIRFIELD, AZ US","2019-06-17","10.07"," 1454","0.00","92","62","  220","  260","19.9","25.9",,,
"USW00053146","FORT HUACHUCA PIONEER AIRFIELD, AZ US","2019-06-18","10.74"," 1550","0.00","91","63","  250","  270","25.9","31.1",,,
"USW00053146","FORT HUACHUCA PIONEER AIRFIELD, AZ US","2019-06-19","8.95"," 1510","0.00","91","56","  260","  290","21.9","28.0",,,
"USW00053146","FORT HUACHUCA PIONEER AIRFIELD, AZ US","2019-06-20","11.63"," 1354","0.00","92","59","  260","  270","25.9","36.9",,,
"USW00053146","FORT HUACHUCA PIONEER AIRFIELD, AZ US","2019-06-21","15.21"," 1513","0.00","90","60","  240","  260","25.9","36.0",,,
"USW00053146","FORT HUACHUCA PIONEER AIRFIELD, AZ US","2019-06-22","12.08"," 1145","0.00","88","61","  260","  250","23.0","30.0",,,
"USW00053146","FORT HUACHUCA PIONEER AIRFIELD, AZ US","2019-06-23","10.07"," 1653","0.00","89","54","  260","  260","21.0","23.9",,,
"USW00053146","FORT HUACHUCA PIONEER AIRFIELD, AZ US","2019-06-24","8.50"," 1409","0.00","92","59","  260","  270","19.9","29.1",,,
"USW00053146","FORT HUACHUCA PIONEER AIRFIELD, AZ US","2019-06-25","9.17"," 1448","0.00","94","57","  260","  260","21.9","25.9",,,
"USW00053146","FORT HUACHUCA PIONEER AIRFIELD, AZ US","2019-06-26","8.95"," 1539","0.00","93","61","  220","  220","23.0","30.0",,,
"USW00053146","FORT HUACHUCA PIONEER AIRFIELD, AZ US","2019-06-27","10.07"," 1333","0.00","97","64","  270","  280","21.0","28.0",,,
"USW00053146","FORT HUACHUCA PIONEER AIRFIELD, AZ US","2019-06-28","10.74"," 0608","0.00","98","69","  110","  120","29.1","38.0",,,
"USW00053146","FORT HUACHUCA PIONEER AIRFIELD, AZ US","2019-06-29","10.29"," 1624","0.04","97","73","  210","  200","29.1","36.9",,,
"USW00053146","FORT HUACHUCA PIONEER AIRFIELD, AZ US","2019-06-30","10.74"," 1357","0.04","96","70","  310","  300","29.1","35.1",,,
"USW00053146","FORT HUACHUCA PIONEER AIRFIELD, AZ US","2019-07-01","10.07"," 1434","0.00","96","67","  330","  320","33.1","45.0",,,
"USW00053146","FORT HUACHUCA PIONEER AIRFIELD, AZ US","2019-07-02","10.74"," 1519","0.00","96","68","  290","  290","25.1","34.0",,,
"USW00053146","FORT HUACHUCA PIONEER AIRFIELD, AZ US","2019-07-03","15.43"," 1612","0.00","93","71","  280","  290","25.9","33.1",,,
"USW00053146","FORT HUACHUCA PIONEER AIRFIELD, AZ US","2019-07-04","11.41"," 1225","0.00","93","63","  280","  250","25.1","35.1",,,
"USW00053146","FORT HUACHUCA PIONEER AIRFIELD, AZ US","2019-07-05","8.05"," 1716","0.00","91","66","  120","  120","38.0","46.1",,,
"USW00053146","FORT HUACHUCA PIONEER AIRFIELD, AZ US","2019-07-06","5.14"," 1225","0.01","85","62","  220","  230","25.9","34.0",,,
"USW00053146","FORT HUACHUCA PIONEER AIRFIELD, AZ US","2019-07-07","8.28"," 1744","0.10","90","63","  260","  270","23.0","35.1",,,
"USW00053146","FORT HUACHUCA PIONEER AIRFIELD, AZ US","2019-07-08","11.18"," 1436","0.00","92","59","  250","  250","25.1","35.1",,,
"USW00053146","FORT HUACHUCA PIONEER AIRFIELD, AZ US","2019-07-09","7.83"," 1253","0.00","94","61","  260","  270","19.9","23.9",,,
"USW00053146","FORT HUACHUCA PIONEER AIRFIELD, AZ US","2019-07-10","8.50"," 1932","0.00","99","70","  130","  160","21.9","31.1",,,
"USW00053146","FORT HUACHUCA PIONEER AIRFIELD, AZ US","2019-07-11","10.29"," 2359","0.00","101","74","  140","  140","30.0","36.0",,,
"USW00053146","FORT HUACHUCA PIONEER AIRFIELD, AZ US","2019-07-12","10.51"," 0013","0.00","96","71","  140","  150","31.1","38.0",,,
"USW00053146","FORT HUACHUCA PIONEER AIRFIELD, AZ US","2019-07-13","8.50"," 1804","0.00","97","69","  280","  280","25.1","31.1",,,
"USW00053146","FORT HUACHUCA PIONEER AIRFIELD, AZ US","2019-07-14","10.51"," 2231","0.04","98","65","   10","   10","31.1","38.9",,,
"USW00053146","FORT HUACHUCA PIONEER AIRFIELD, AZ US","2019-07-15","7.38"," 1431","0.00","98","67","  200","  230","25.1","33.1",,,
"USW00053146","FORT HUACHUCA PIONEER AIRFIELD, AZ US","2019-07-16","7.38"," 1422","0.00","95","70","  260","  250","23.9","28.0",,,
"USW00053146","FORT HUACHUCA PIONEER AIRFIELD, AZ US","2019-07-17","13.65"," 2016","0.87","92","63","  220","   90","29.1","38.0","    1",,
"USW00053146","FORT HUACHUCA PIONEER AIRFIELD, AZ US","2019-07-18","8.95"," 2023","0.00","92","65","  220","   50","21.0","29.1",,,
"USW00053146","FORT HUACHUCA PIONEER AIRFIELD, AZ US","2019-07-19","10.51"," 1832","0.00","93","66","  220","  210","23.0","31.1",,,
"USW00053146","FORT HUACHUCA PIONEER AIRFIELD, AZ US","2019-07-20","9.84"," 1520","0.00","94","68","  220","  210","23.9","29.1",,,
"USW00053146","FORT HUACHUCA PIONEER AIRFIELD, AZ US","2019-07-21","10.51"," 1259","0.00","94","66","  300","  280","21.9","28.0",,,
"USW00053146","FORT HUACHUCA PIONEER AIRFIELD, AZ US","2019-07-22","11.18"," 1532","0.51","93","65","  140","  140","36.0","42.1","    1",,
"USW00053146","FORT HUACHUCA PIONEER AIRFIELD, AZ US","2019-07-23","9.84"," 1539","0.14","86","64","  210","  220","29.1","36.9","    1",,
"USW00053146","FORT HUACHUCA PIONEER AIRFIELD, AZ US","2019-07-24","8.28"," 1443","0.00","87","68","  230","  230","21.9","27.1",,,
"USW00053146","FORT HUACHUCA PIONEER AIRFIELD, AZ US","2019-07-25","7.16"," 1524","0.00","94","65","  310","  300","21.9","27.1",,,
"USW00053146","FORT HUACHUCA PIONEER AIRFIELD, AZ US","2019-07-26","8.05"," 1327","0.00","94","71","  300","  290","23.0","29.1",,,
"USW00053146","FORT HUACHUCA PIONEER AIRFIELD, AZ US","2019-07-27","8.05"," 1234","0.12","95","72","  270","  250","28.0","34.0",,,
"USW00053146","FORT HUACHUCA PIONEER AIRFIELD, AZ US","2019-07-28","9.40"," 1654","0.00","94","66","  300","  290","21.0","27.1",,,
"USW00053146","FORT HUACHUCA PIONEER AIRFIELD, AZ US","2019-07-29","9.62"," 1510","0.09","92","69","  230","  220","28.0","33.1",,,
"USW00053146","FORT HUACHUCA PIONEER AIRFIELD, AZ US","2019-07-30","6.93"," 0026","0.06","86","64","   90","   80","23.0","28.0",,,
"USW00053146","FORT HUACHUCA PIONEER AIRFIELD, AZ US","2019-07-31","4.47"," 1317","0.68","82","65","   30","   20","21.0","25.9",,,
"USW00053146","FORT HUACHUCA PIONEER AIRFIELD, AZ US","2019-08-01","6.49"," 1630","0.14","89","63","  120","  130","38.0","50.1",,,
"USW00053146","FORT HUACHUCA PIONEER AIRFIELD, AZ US","2019-08-02","5.59"," 1230","0.01","90","65","  180","  180","21.9","27.1",,,
"USW00053146","FORT HUACHUCA PIONEER AIRFIELD, AZ US","2019-08-03","8.72"," 2148","0.00","93","67","   60","   60","19.9","25.1",,,
"USW00053146","FORT HUACHUCA PIONEER AIRFIELD, AZ US","2019-08-04","6.71"," 1413","0.07","93","65","  290","  290","51.0","62.0",,,
"USW00053146","FORT HUACHUCA PIONEER AIRFIELD, AZ US","2019-08-05","8.72"," 1559","0.09","96","67","  160","  190","31.1","38.9",,,
"USW00053146","FORT HUACHUCA PIONEER AIRFIELD, AZ US","2019-08-06","7.16"," 1917","0.73","89","67","  220","  210","23.9","30.0",,,
"USW00053146","FORT HUACHUCA PIONEER AIRFIELD, AZ US","2019-08-07","7.83"," 1746","0.00","90","65","  310","  310","19.9","23.0",,,
"USW00053146","FORT HUACHUCA PIONEER AIRFIELD, AZ US","2019-08-08","7.16"," 1203","0.05","87","69","  280","  280","29.1","35.1",,,
"USW00053146","FORT HUACHUCA PIONEER AIRFIELD, AZ US","2019-08-09","6.93"," 1601","0.07","84","68","  290","  300","14.1","17.0",,,
"USW00053146","FORT HUACHUCA PIONEER AIRFIELD, AZ US","2019-08-10","6.93"," 1650","0.05","74","65","  280","  280","16.1","19.0",,,
"USW00053146","FORT HUACHUCA PIONEER AIRFIELD, AZ US","2019-08-11","5.82"," 1644","0.01","86","64","  280","  280","14.1","19.9",,,
"USW00053146","FORT HUACHUCA PIONEER AIRFIELD, AZ US","2019-08-12","8.28"," 1627","0.00","91","64","  280","  320","17.0","23.0",,,
"USW00053146","FORT HUACHUCA PIONEER AIRFIELD, AZ US","2019-08-13","8.72"," 1406","0.00","94","63","  310","  310","17.0","23.0",,,
"USW00053146","FORT HUACHUCA PIONEER AIRFIELD, AZ US","2019-08-14","7.16"," 1719","0.00","98","66","  290","  210","18.1","21.9",,,
"USW00053146","FORT HUACHUCA PIONEER AIRFIELD, AZ US","2019-08-15","6.04"," 1514","0.00","96","66","  130","  130","23.0","27.1",,,
"USW00053146","FORT HUACHUCA PIONEER AIRFIELD, AZ US","2019-08-16","10.74"," 1646","0.00","95","68","  270","  270","31.1","40.0",,,
"USW00053146","FORT HUACHUCA PIONEER AIRFIELD, AZ US","2019-08-17","11.63"," 1349","0.00","93","69","  220","  260","21.0","28.0",,,
"USW00053146","FORT HUACHUCA PIONEER AIRFIELD, AZ US","2019-08-18","7.61"," 1227","0.00","90","65","  310","  310","31.1","36.9",,,
"USW00053146","FORT HUACHUCA PIONEER AIRFIELD, AZ US","2019-08-19","6.71"," 1823","0.00","96","67","  320","  320","15.0","19.0",,,
"USW00053146","FORT HUACHUCA PIONEER AIRFIELD, AZ US","2019-08-20","6.04"," 1054","0.00","100","66","   50","   90","14.1","18.1",,,
"USW00053146","FORT HUACHUCA PIONEER AIRFIELD, AZ US","2019-08-21","6.93"," 1319","0.01","98","70","  270","  270","28.0","34.0",,,
"USW00053146","FORT HUACHUCA PIONEER AIRFIELD, AZ US","2019-08-22","11.86"," 1433","0.00","93","67","   70","   70","31.1","40.9",,,
"USW00053146","FORT HUACHUCA PIONEER AIRFIELD, AZ US","2019-08-23","8.72"," 1812","1.23","90","62","  120","  120","48.1","65.1",,,
"USW00053146","FORT HUACHUCA PIONEER AIRFIELD, AZ US","2019-08-24","8.28"," 2142","0.00","86","62","  230","  220","21.0","25.1",,,
"USW00053146","FORT HUACHUCA PIONEER AIRFIELD, AZ US","2019-08-25","8.50"," 1624","0.00","88","64","  280","  290","17.0","21.9",,,
"USW00053146","FORT HUACHUCA PIONEER AIRFIELD, AZ US","2019-08-26","7.61"," 1251","0.00","93","65","  300","  320","15.0","19.9",,,
"USW00053146","FORT HUACHUCA PIONEER AIRFIELD, AZ US","2019-08-27","7.61"," 1408","0.00","95","69","  200","  190","23.9","32.0",,,
"USW00053146","FORT HUACHUCA PIONEER AIRFIELD, AZ US","2019-08-28","8.05"," 1604","0.08","90","66","  250","  250","21.9","27.1",,,
"USW00053146","FORT HUACHUCA PIONEER AIRFIELD, AZ US","2019-08-29","7.16"," 2143","0.12","88","64","   70","   70","32.0","38.9",,,
"USW00053146","FORT HUACHUCA PIONEER AIRFIELD, AZ US","2019-08-30","7.61"," 1556","0.00","91","63","  270","  280","16.1","21.0",,,
"USW00053146","FORT HUACHUCA PIONEER AIRFIELD, AZ US","2019-08-31","5.82"," 2220","0.01","92","65","  270","  270","18.1","21.9",,,
"USW00053146","FORT HUACHUCA PIONEER AIRFIELD, AZ US","2019-09-01","8.72"," 1328","0.00","92","66","  130","  130","21.9","28.0",,,
"USW00053146","FORT HUACHUCA PIONEER AIRFIELD, AZ US","2019-09-02","8.50"," 1515","0.00","93","64","  280","   50","23.9","29.1",,,
"USW00053146","FORT HUACHUCA PIONEER AIRFIELD, AZ US","2019-09-03","7.61"," 1358","0.00","94","63","  140","  120","29.1","36.0",,,
"USW00053146","FORT HUACHUCA PIONEER AIRFIELD, AZ US","2019-09-04","9.17"," 1223","0.00","93","66","  120","  120","25.9","34.0",,,
"USW00053146","FORT HUACHUCA PIONEER AIRFIELD, AZ US","2019-09-05","6.93"," 1045","0.00","91","64","   80","   90","16.1","23.9",,,
"USW00053146","FORT HUACHUCA PIONEER AIRFIELD, AZ US","2019-09-06","7.38"," 1529","0.01","93","70","   60","   70","25.9","32.0",,,
"USW00053146","FORT HUACHUCA PIONEER AIRFIELD, AZ US","2019-09-07","8.05"," 1323","0.01","91","67","  230","  250","25.1","38.0",,,
"USW00053146","FORT HUACHUCA PIONEER AIRFIELD, AZ US","2019-09-08","11.86"," 2134","0.00","88","63","  270","  240","23.0","30.0",,,
"USW00053146","FORT HUACHUCA PIONEER AIRFIELD, AZ US","2019-09-09","10.51"," 1337","0.00","86","63","  280","  270","19.9","27.1",,,
"USW00053146","FORT HUACHUCA PIONEER AIRFIELD, AZ US","2019-09-10","11.86"," 1426","0.00","84","64","  230","  220","23.0","30.0",,,
"USW00053146","FORT HUACHUCA PIONEER AIRFIELD, AZ US","2019-09-11","9.62"," 1112","0.00","85","64","  270","  210","18.1","23.0",,,
"USW00053146","FORT HUACHUCA PIONEER AIRFIELD, AZ US","2019-09-12","4.92"," 1110","0.00","90","61","   90","   80","14.1","19.9",,,
"USW00053146","FORT HUACHUCA PIONEER AIRFIELD, AZ US","2019-09-13","8.50"," 2134","0.00","90","64","  140","  140","36.9","44.1",,,
"USW00053146","FORT HUACHUCA PIONEER AIRFIELD, AZ US","2019-09-14","13.20"," 1332","0.00","79","61","   80","   80","29.1","34.0",,,
"USW00053146","FORT HUACHUCA PIONEER AIRFIELD, AZ US","2019-09-15","6.93"," 1629","0.07","83","60","  310","  310","21.0","25.9",,,
"USW00053146","FORT HUACHUCA PIONEER AIRFIELD, AZ US","2019-09-16","6.49"," 1427","0.07","87","59","   20","   20","25.9","33.1",,,
"USW00053146","FORT HUACHUCA PIONEER AIRFIELD, AZ US","2019-09-17","6.04"," 2306","0.00","87","57","  300","  160","16.1","23.0",,,
"USW00053146","FORT HUACHUCA PIONEER AIRFIELD, AZ US","2019-09-18","7.38"," 1654","0.00","90","59","  320","  320","17.0","19.0",,,
"USW00053146","FORT HUACHUCA PIONEER AIRFIELD, AZ US","2019-09-19","10.51"," 1544","0.00","88","63","  270","  270","21.0","28.0",,,
"USW00053146","FORT HUACHUCA PIONEER AIRFIELD, AZ US","2019-09-20","12.30"," 1458","0.00","86","60","  250","  250","23.0","31.1",,,
"USW00053146","FORT HUACHUCA PIONEER AIRFIELD, AZ US","2019-09-21","8.05"," 1617","0.00","85","60","  260","  260","21.0","25.1",,,
"USW00053146","FORT HUACHUCA PIONEER AIRFIELD, AZ US","2019-09-22","10.29"," 1036","0.00","83","61","  230","  100","19.9","25.9",,,
"USW00053146","FORT HUACHUCA PIONEER AIRFIELD, AZ US","2019-09-23","9.84"," 1606","0.01","86","63","  230","  270","23.9","30.0",,,
"USW00053146","FORT HUACHUCA PIONEER AIRFIELD, AZ US","2019-09-24","10.07"," 1613","2.32","64","56","  120","  120","23.9","30.0",,,
"USW00053146","FORT HUACHUCA PIONEER AIRFIELD, AZ US","2019-09-25","6.26"," 1640","0.50","70","57","  140","  150","18.1","25.1",,,
"USW00053146","FORT HUACHUCA PIONEER AIRFIELD, AZ US","2019-09-26","7.38"," 1340","0.00","79","55","  230","  250","23.0","29.1",,,
"USW00053146","FORT HUACHUCA PIONEER AIRFIELD, AZ US","2019-09-27","7.61"," 1315","0.00","75","54","  310","  310","18.1","23.0",,,
"USW00053146","FORT HUACHUCA PIONEER AIRFIELD, AZ US","2019-09-28","6.26"," 2252","0.00","80","54","  220","  220","19.9","23.9",,,
"USW00053146","FORT HUACHUCA PIONEER AIRFIELD, AZ US","2019-09-29","9.62"," 1214","0.00","82","57","  240","  250","18.1","30.0",,,
"USW00053146","FORT HUACHUCA PIONEER AIRFIELD, AZ US","2019-09-30","8.05"," 1556","0.00","86","53","  280","  260","17.0","21.9",,,
"USW00053146","FORT HUACHUCA PIONEER AIRFIELD, AZ US","2019-10-01","10.74"," 1130","0.00","81","53","  270","  270","21.9","29.1",,,
"USW00053146","FORT HUACHUCA PIONEER AIRFIELD, AZ US","2019-10-02","5.82"," 1115","0.00","81","52","   60","   60","14.1","21.0",,,
"USW00053146","FORT HUACHUCA PIONEER AIRFIELD, AZ US","2019-10-03","6.71"," 1158","0.00","85","57","  260","  200","18.1","25.9",,,
"USW00053146","FORT HUACHUCA PIONEER AIRFIELD, AZ US","2019-10-04","8.72"," 1548","0.00","81","61","  270","  280","17.0","23.0",,,
"USW00053146","FORT HUACHUCA PIONEER AIRFIELD, AZ US","2019-10-05","6.71"," 1446","0.00","84","55","  300","  290","18.1","23.9",,,
"USW00053146","FORT HUACHUCA PIONEER AIRFIELD, AZ US","2019-10-06","5.59"," 1416","0.00","84","55","  280","  310","14.1","18.1",,,
"USW00053146","FORT HUACHUCA PIONEER AIRFIELD, AZ US","2019-10-07","8.50"," 1001","0.00","86","56","   90","   70","18.1","27.1",,,
"USW00053146","FORT HUACHUCA PIONEER AIRFIELD, AZ US","2019-10-08","8.95"," 1507","0.00","85","57","  270","  270","23.9","29.1",,,
"USW00053146","FORT HUACHUCA PIONEER AIRFIELD, AZ US","2019-10-09","12.97"," 0932","0.00","81","52","  220","  230","25.1","32.0",,,
"USW00053146","FORT HUACHUCA PIONEER AIRFIELD, AZ US","2019-10-10","9.62"," 1518","0.00","80","53","  280","  250","23.0","27.1",,,
"USW00053146","FORT HUACHUCA PIONEER AIRFIELD, AZ US","2019-10-11","8.72"," 1928","0.00","79","49","   70","   50","18.1","25.1",,,
"USW00053146","FORT HUACHUCA PIONEER AIRFIELD, AZ US","2019-10-12","8.05"," 1401","0.00","80","49","  250","  240","19.9","23.9",,,
"USW00053146","FORT HUACHUCA PIONEER AIRFIELD, AZ US","2019-10-13","5.82"," 1454","0.00","80","49","  270","  260","15.0","23.0",,,
"USW00053146","FORT HUACHUCA PIONEER AIRFIELD, AZ US","2019-10-14","8.05"," 2057","0.00","78","52","  230","  230","25.1","28.0",,,
"USW00053146","FORT HUACHUCA PIONEER AIRFIELD, AZ US","2019-10-15","6.04"," 1141","0.00","79","53","   70","   60","15.0","18.1",,,
"USW00053146","FORT HUACHUCA PIONEER AIRFIELD, AZ US","2019-10-16","8.50"," 1252","0.00","81","54","  130","  120","18.1","25.9",,,
"USW00053146","FORT HUACHUCA PIONEER AIRFIELD, AZ US","2019-10-17","10.51"," 2211","0.00","82","54","  230","  210","23.0","33.1",,,
"USW00053146","FORT HUACHUCA PIONEER AIRFIELD, AZ US","2019-10-18","14.32"," 1020","0.00","74","51","  270","  250","29.1","38.9",,,
"USW00053146","FORT HUACHUCA PIONEER AIRFIELD, AZ US","2019-10-19","7.16"," 1518","0.00","77","44","  270","  260","16.1","19.9",,,
"USW00053146","FORT HUACHUCA PIONEER AIRFIELD, AZ US","2019-10-20","11.18"," 1559","0.00","75","47","  320","  320","21.9","27.1",,,
"USW00053146","FORT HUACHUCA PIONEER AIRFIELD, AZ US","2019-10-21","6.93"," 1333","0.00","78","42","  310","  310","16.1","19.9",,,
"USW00053146","FORT HUACHUCA PIONEER AIRFIELD, AZ US","2019-10-22","8.05"," 0916","0.00","79","45","  110","  120","21.9","25.9",,,
"USW00053146","FORT HUACHUCA PIONEER AIRFIELD, AZ US","2019-10-23","6.49"," 1828","0.00","81","48","  330","  300","16.1","21.9",,,
"USW00053146","FORT HUACHUCA PIONEER AIRFIELD, AZ US","2019-10-24","8.50"," 1429","0.00","78","48","  310","  310","18.1","21.9",,,
"USW00053146","FORT HUACHUCA PIONEER AIRFIELD, AZ US","2019-10-25","20.36"," 1159","0.00","66","43","   80","   80","33.1","40.9",,,
"USW00053146","FORT HUACHUCA PIONEER AIRFIELD, AZ US","2019-10-26","8.50"," 1553","0.00","80","40","  270","  260","17.0","21.0",,,
"USW00053146","FORT HUACHUCA PIONEER AIRFIELD, AZ US","2019-10-27","17.00"," 1645","0.00","76","49","  220","  220","38.0","47.0",,,
"USW00053146","FORT HUACHUCA PIONEER AIRFIELD, AZ US","2019-10-28","12.30"," 0024","0.00","70","47","  210","  220","25.1","33.1",,,
"USW00053146","FORT HUACHUCA PIONEER AIRFIELD, AZ US","2019-10-29","14.09"," 1434","0.00","71","41","  240","  250","30.0","38.9",,,
"USW00053146","FORT HUACHUCA PIONEER AIRFIELD, AZ US","2019-10-30","9.17"," 1440","0.00","63","40","   40","   40","16.1","19.9",,,
"USW00053146","FORT HUACHUCA PIONEER AIRFIELD, AZ US","2019-10-31","11.41"," 1932","0.00","66","33","   10","  340","23.0","48.1",,,
"USW00053146","FORT HUACHUCA PIONEER AIRFIELD, AZ US","2019-11-01","5.37"," 1851","0.00","77","43","   80","  160","13.0","21.9",,,
"USW00053146","FORT HUACHUCA PIONEER AIRFIELD, AZ US","2019-11-02","8.05"," 1218","0.00","75","46","   80","   80","18.1","25.9",,,
"USW00053146","FORT HUACHUCA PIONEER AIRFIELD, AZ US","2019-11-03","6.26"," 1359","0.00","76","49","  250","  250","17.0","21.0",,,
"USW00053146","FORT HUACHUCA PIONEER AIRFIELD, AZ US","2019-11-04","6.26"," 1500","0.00","78","45","  270","  250","15.0","17.0",,,
"USW00053146","FORT HUACHUCA PIONEER AIRFIELD, AZ US","2019-11-06","7.38"," 1343","0.01","76","54","  230","  260","21.0","27.1",,,
"USW00053146","FORT HUACHUCA PIONEER AIRFIELD, AZ US","2019-11-07","6.04"," 1228","0.00","73","46","   90","   70","16.1","19.9",,,
"USW00053146","FORT HUACHUCA PIONEER AIRFIELD, AZ US","2019-11-08","11.41"," 1929","0.00","71","49","   90","   80","23.0","28.0",,,
"USW00053146","FORT HUACHUCA PIONEER AIRFIELD, AZ US","2019-11-09","7.61"," 1025","0.00","75","46","  100","   80","17.0","21.9",,,
"USW00053146","FORT HUACHUCA PIONEER AIRFIELD, AZ US","2019-11-10","7.38"," 1540","0.00","74","52","  280","  230","19.9","23.0",,,
"USW00053146","FORT HUACHUCA PIONEER AIRFIELD, AZ US","2019-11-11","6.26"," 1216","0.00","70","53","  260","  120","12.1","14.1",,,
"USW00053146","FORT HUACHUCA PIONEER AIRFIELD, AZ US","2019-11-12","13.87"," 0940","0.00","62","39","  120","   90","25.9","35.1",,,
"USW00053146","FORT HUACHUCA PIONEER AIRFIELD, AZ US","2019-11-13","7.38"," 1522","0.00","73","37","  300","  290","17.0","21.9",,,
"USW00053146","FORT HUACHUCA PIONEER AIRFIELD, AZ US","2019-11-14","5.82"," 1752","0.00","75","44","  150","   50","15.0","21.0",,,
"USW00053146","FORT HUACHUCA PIONEER AIRFIELD, AZ US","2019-11-15","7.83"," 0955","0.00","73","43","   80","   60","17.0","21.0",,,
"USW00053146","FORT HUACHUCA PIONEER AIRFIELD, AZ US","2019-11-16","5.37"," 1411","0.00","74","49","  260","  260","15.0","17.0",,,
"USW00053146","FORT HUACHUCA PIONEER AIRFIELD, AZ US","2019-11-17","6.26"," 1214","0.00","72","46","  140","  130","18.1","23.0",,,
"USW00053146","FORT HUACHUCA PIONEER AIRFIELD, AZ US","2019-11-19","6.49"," 2334",,"72","47","  220","  220","31.1","40.0",,,
"USW00053146","FORT HUACHUCA PIONEER AIRFIELD, AZ US","2019-11-20","19.01"," 2133","0.07","60","51","  200","  210","31.1","46.1",,,
"USW00053146","FORT HUACHUCA PIONEER AIRFIELD, AZ US","2019-11-21","14.32"," 0636","0.67","52","41","  210","  200","33.1","46.1",,,
"USW00053146","FORT HUACHUCA PIONEER AIRFIELD, AZ US","2019-11-23","9.62"," 1200","0.00","62","39","   90","   80","21.0","25.1",,,
"USW00053146","FORT HUACHUCA PIONEER AIRFIELD, AZ US","2019-11-24","4.47"," 1528","0.00","70","41","  270","  290","14.1","16.1",,,
"USW00053146","FORT HUACHUCA PIONEER AIRFIELD, AZ US","2019-11-25","16.55"," 2116","0.00","66","47","  210","  220","33.1","44.1",,,
"USW00053146","FORT HUACHUCA PIONEER AIRFIELD, AZ US","2019-11-26","12.75"," 1309","0.00","56","40","  250","  270","25.9","32.0",,,
"USW00053146","FORT HUACHUCA PIONEER AIRFIELD, AZ US","2019-11-27","7.16"," 1430","1.57","50","40","  270","  130","19.9","23.9",,,
"USW00053146","FORT HUACHUCA PIONEER AIRFIELD, AZ US","2019-11-28","18.34"," 2101","0.20","59","43","  200","  210","36.9","53.9",,,
"USW00053146","FORT HUACHUCA PIONEER AIRFIELD, AZ US","2019-11-29","20.13"," 0833","0.82","54","38","  270","  270","45.0","55.0",,,
"USW00053146","FORT HUACHUCA PIONEER AIRFIELD, AZ US","2019-11-30","7.38"," 0344","0.00","54","35","  250","  250","16.1","19.9",,,
"USW00053146","FORT HUACHUCA PIONEER AIRFIELD, AZ US","2019-12-01","6.93"," 1252","0.00","63","32","   80","   80","15.0","21.0",,,
"USW00053146","FORT HUACHUCA PIONEER AIRFIELD, AZ US","2019-12-02","4.92"," 1159","0.00","65","36","   90","   70","14.1","17.0",,,
"USW00053146","FORT HUACHUCA PIONEER AIRFIELD, AZ US","2019-12-03","5.14"," 2026","0.00","67","38","  250","   30","12.1","23.0",,,
"USW00053146","FORT HUACHUCA PIONEER AIRFIELD, AZ US","2019-12-04","9.62"," 1359","0.03","69","48","  240","  230","21.9","25.9",,,
"USW00053146","FORT HUACHUCA PIONEER AIRFIELD, AZ US","2019-12-05","10.51"," 0954","0.00","63","42","  250","  220","21.9","27.1",,,
"USW00053146","FORT HUACHUCA PIONEER AIRFIELD, AZ US","2019-12-06","4.92"," 1404","0.00","66","41","   70","   60","13.0","15.0",,,
"USW00053146","FORT HUACHUCA PIONEER AIRFIELD, AZ US","2019-12-07","4.92"," 1505","0.00","71","47","  300","  290","17.0","23.0",,,
"USW00053146","FORT HUACHUCA PIONEER AIRFIELD, AZ US","2019-12-08","11.86"," 0833","0.04","59","48","  230","  220","23.9","29.1",,,
"USW00053146","FORT HUACHUCA PIONEER AIRFIELD, AZ US","2019-12-09","8.95"," 1317","0.15","59","39","  280","  280","35.1","45.0","    1",,
"USW00053146","FORT HUACHUCA PIONEER AIRFIELD, AZ US","2019-12-10","7.61"," 1148","0.00","56","37","   80","   80","17.0","25.1",,"    1",
"USW00053146","FORT HUACHUCA PIONEER AIRFIELD, AZ US","2019-12-11","5.82"," 1102","0.00","60","36","   90","   90","17.0","21.0",,,
"USW00053146","FORT HUACHUCA PIONEER AIRFIELD, AZ US","2019-12-12","4.92"," 1807","0.00","67","34","  240","  250","14.1","16.1",,,
"USW00053146","FORT HUACHUCA PIONEER AIRFIELD, AZ US","2019-12-13","7.61"," 1457","0.00","72","39","  260","  260","19.9","25.1",,,
"USW00053146","FORT HUACHUCA PIONEER AIRFIELD, AZ US","2019-12-14","14.99"," 1302","0.00","70","43","  260","  260","29.1","36.0",,,
"USW00053146","FORT HUACHUCA PIONEER AIRFIELD, AZ US","2019-12-15","15.43"," 1413","0.00","64","37","  270","  270","32.0","38.9",,,
"USW00053146","FORT HUACHUCA PIONEER AIRFIELD, AZ US","2019-12-16","6.71"," 1506","0.00","52","29","   50","   90","15.0","19.0",,,
"USW00053146","FORT HUACHUCA PIONEER AIRFIELD, AZ US","2019-12-17","17.22"," 2115",,"47","25","   90","  120","31.1","38.9",,,
"USW00053146","FORT HUACHUCA PIONEER AIRFIELD, AZ US","2019-12-18","17.00"," 1143","0.00","51","25","  120","   90","28.0","34.0",,,
"USW00053146","FORT HUACHUCA PIONEER AIRFIELD, AZ US","2019-12-19","6.93"," 1400","0.00","60","27","  290","  270","16.1","19.9",,,
"USW00053146","FORT HUACHUCA PIONEER AIRFIELD, AZ US","2019-12-20","11.18"," 1306","0.00","60","30","   80","   90","21.9","25.9",,,
"USW00053146","FORT HUACHUCA PIONEER AIRFIELD, AZ US","2019-12-21","10.07"," 1316","0.00","62","30","   80","   80","17.0","21.0",,,
"USW00053146","FORT HUACHUCA PIONEER AIRFIELD, AZ US","2019-12-22","6.71"," 1151","0.00","64","36","   90","   80","18.1","23.0",,,
"USW00053146","FORT HUACHUCA PIONEER AIRFIELD, AZ US","2019-12-23","5.59"," 2024","0.00","57","39","  190","  200","23.0","32.0",,,
"USW00053146","FORT HUACHUCA PIONEER AIRFIELD, AZ US","2019-12-24","10.07"," 0922","0.27","54","38","  210","  200","31.1","38.0","    1",,
"USW00053146","FORT HUACHUCA PIONEER AIRFIELD, AZ US","2019-12-25","10.51"," 1343","0.01","52","32","  230","  240","29.1","36.9",,,
"USW00053146","FORT HUACHUCA PIONEER AIRFIELD, AZ US","2019-12-26","8.28"," 1423","0.00","57","33","  200","  200","23.0","32.0",,,
"USW00053146","FORT HUACHUCA PIONEER AIRFIELD, AZ US","2019-12-27","12.30"," 1221","0.40","46","32","  230","  230","25.1","32.0","    1",,
"USW00053146","FORT HUACHUCA PIONEER AIRFIELD, AZ US","2019-12-28","15.66"," 1530","0.01","39","29","  260","  260","32.0","38.9","    1",,"    1"
"USW00053146","FORT HUACHUCA PIONEER AIRFIELD, AZ US","2019-12-29","5.82"," 0025","0.00","46","22","  270","  240","13.0","14.1",,,
"USW00053146","FORT HUACHUCA PIONEER AIRFIELD, AZ US","2019-12-30","8.72"," 1301","0.00","54","27","   80","   80","21.0","25.1",,,
"USW00053146","FORT HUACHUCA PIONEER AIRFIELD, AZ US","2019-12-31","11.41"," 0604","0.00","54","34","   90","  350","18.1","25.1",,,
